-- phpMyAdmin SQL Dump
-- version 5.2.1
-- https://www.phpmyadmin.net/
--
-- Host: 127.0.0.1
-- Generation Time: Nov 26, 2023 at 11:43 AM
-- Server version: 10.4.32-MariaDB
-- PHP Version: 8.0.30

SET SQL_MODE = "NO_AUTO_VALUE_ON_ZERO";
START TRANSACTION;
SET time_zone = "+00:00";


/*!40101 SET @OLD_CHARACTER_SET_CLIENT=@@CHARACTER_SET_CLIENT */;
/*!40101 SET @OLD_CHARACTER_SET_RESULTS=@@CHARACTER_SET_RESULTS */;
/*!40101 SET @OLD_COLLATION_CONNECTION=@@COLLATION_CONNECTION */;
/*!40101 SET NAMES utf8mb4 */;

--
-- Database: `store1`
--

-- --------------------------------------------------------

--
-- Table structure for table `brands`
--

CREATE TABLE `brands` (
  `brand_id` int(11) NOT NULL,
  `brand_name` varchar(255) NOT NULL,
  `brand_active` int(11) NOT NULL DEFAULT 0,
  `brand_status` int(11) NOT NULL DEFAULT 0
) ENGINE=InnoDB DEFAULT CHARSET=latin1 COLLATE=latin1_swedish_ci;

--
-- Dumping data for table `brands`
--

INSERT INTO `brands` (`brand_id`, `brand_name`, `brand_active`, `brand_status`) VALUES
(1, 'Anwar Ratool', 1, 1),
(2, 'Chausa (Black)', 1, 1),
(3, 'Chaunsa (Summer)', 1, 1),
(4, 'Chaunsa (White)', 1, 1),
(5, 'Dosheri', 1, 1),
(6, 'Fajri', 1, 1),
(7, 'Langra', 1, 1),
(8, 'Sindhri', 1, 1),
(9, 'Alphanso', 2, 1);

-- --------------------------------------------------------

--
-- Table structure for table `categories`
--

CREATE TABLE `categories` (
  `categories_id` int(11) NOT NULL,
  `categories_name` varchar(255) NOT NULL,
  `categories_active` int(11) NOT NULL DEFAULT 0,
  `categories_status` int(11) NOT NULL DEFAULT 0
) ENGINE=InnoDB DEFAULT CHARSET=latin1 COLLATE=latin1_swedish_ci;

--
-- Dumping data for table `categories`
--

INSERT INTO `categories` (`categories_id`, `categories_name`, `categories_active`, `categories_status`) VALUES
(1, 'Ripe', 1, 1),
(2, 'Raw', 2, 1),
(3, 'Saplings', 1, 1);

-- --------------------------------------------------------

--
-- Table structure for table `orders`
--

CREATE TABLE `orders` (
  `order_id` int(11) NOT NULL,
  `order_date` date NOT NULL,
  `client_name` varchar(255) NOT NULL,
  `client_contact` varchar(255) NOT NULL,
  `sub_total` varchar(255) NOT NULL,
  `vat` varchar(255) NOT NULL,
  `total_amount` varchar(255) NOT NULL,
  `discount` varchar(255) NOT NULL,
  `grand_total` varchar(255) NOT NULL,
  `paid` varchar(255) NOT NULL,
  `due` varchar(255) NOT NULL,
  `payment_type` int(11) NOT NULL,
  `payment_status` int(11) NOT NULL,
  `payment_place` int(11) NOT NULL,
  `gstn` varchar(255) NOT NULL,
  `order_status` int(11) NOT NULL DEFAULT 0,
  `user_id` int(11) NOT NULL
) ENGINE=InnoDB DEFAULT CHARSET=latin1 COLLATE=latin1_swedish_ci;

--
-- Dumping data for table `orders`
--

INSERT INTO `orders` (`order_id`, `order_date`, `client_name`, `client_contact`, `sub_total`, `vat`, `total_amount`, `discount`, `grand_total`, `paid`, `due`, `payment_type`, `payment_status`, `payment_place`, `gstn`, `order_status`, `user_id`) VALUES
(1, '2023-11-27', 'Abhsishek', '9876543210', '45.00', '8.10', '53.10', '3.10', '50.00', '100', '-50.00', 2, 1, 1, '8.10', 1, 1),
(2, '2023-08-06', 'Oppenheimer', '9638527410', '35.00', '6.30', '41.30', '1.30', '40.00', '40', '0', 1, 1, 2, '6.30', 1, 1),
(3, '2023-08-06', 'Anish', '745631890', '900.00', '162.00', '1062.00', '62', '1000.00', '1000', '0.00', 3, 1, 2, '162.00', 1, 1);

-- --------------------------------------------------------

--
-- Table structure for table `order_item`
--

CREATE TABLE `order_item` (
  `order_item_id` int(11) NOT NULL,
  `order_id` int(11) NOT NULL DEFAULT 0,
  `product_id` int(11) NOT NULL DEFAULT 0,
  `quantity` varchar(255) NOT NULL,
  `rate` varchar(255) NOT NULL,
  `total` varchar(255) NOT NULL,
  `order_item_status` int(11) NOT NULL DEFAULT 0
) ENGINE=InnoDB DEFAULT CHARSET=latin1 COLLATE=latin1_swedish_ci;

--
-- Dumping data for table `order_item`
--

INSERT INTO `order_item` (`order_item_id`, `order_id`, `product_id`, `quantity`, `rate`, `total`, `order_item_status`) VALUES
(2, 2, 2, '1', '35', '35.00', 1),
(7, 3, 6, '10', '45', '450.00', 1),
(8, 3, 1, '10', '45', '450.00', 1),
(9, 1, 1, '1', '45', '45.00', 1);

-- --------------------------------------------------------

--
-- Table structure for table `product`
--

CREATE TABLE `product` (
  `product_id` int(11) NOT NULL,
  `product_name` varchar(255) NOT NULL,
  `product_image` text NOT NULL,
  `brand_id` int(11) NOT NULL,
  `categories_id` int(11) NOT NULL,
  `quantity` varchar(255) NOT NULL,
  `rate` varchar(255) NOT NULL,
  `active` int(11) NOT NULL DEFAULT 0,
  `status` int(11) NOT NULL DEFAULT 0
) ENGINE=InnoDB DEFAULT CHARSET=latin1 COLLATE=latin1_swedish_ci;

--
-- Dumping data for table `product`
--

INSERT INTO `product` (`product_id`, `product_name`, `product_image`, `brand_id`, `categories_id`, `quantity`, `rate`, `active`, `status`) VALUES
(1, 'AR01', '../assests/images/stock/32374245864cf45f327d20.jpg', 1, 1, '89', '45', 1, 1),
(2, 'CB02', '../assests/images/stock/59214991564cf463ad883f.jpg', 2, 1, '199', '35', 1, 1),
(3, 'CS03', '../assests/images/stock/85527420064cf466429d98.jpg', 3, 1, '0', '40', 2, 1),
(4, 'CS03', '../assests/images/stock/35449689764cf468f914f8.jpg', 3, 1, '0', '40', 2, 1),
(5, 'CW04', '../assests/images/stock/112191210464cf46b3766b2.jpg', 4, 3, '10', '40', 2, 1),
(6, 'DS05', '../assests/images/stock/41713732664cf46e25a3ec.jpg', 5, 1, '10', '45', 1, 1);

-- --------------------------------------------------------

--
-- Table structure for table `users`
--

CREATE TABLE `users` (
  `user_id` int(11) NOT NULL,
  `username` varchar(255) NOT NULL,
  `password` varchar(255) NOT NULL,
  `email` varchar(255) NOT NULL
) ENGINE=InnoDB DEFAULT CHARSET=latin1 COLLATE=latin1_swedish_ci;

--
-- Dumping data for table `users`
--

INSERT INTO `users` (`user_id`, `username`, `password`, `email`) VALUES
(1, 'abhishek', 'f589a6959f3e04037eb2b3eb0ff726ac', ''),
(11, 'Anish', '7f266025dc45f2e14b2415f475cce468', 'anish@gmail.com');

--
-- Indexes for dumped tables
--

--
-- Indexes for table `brands`
--
ALTER TABLE `brands`
  ADD PRIMARY KEY (`brand_id`);

--
-- Indexes for table `categories`
--
ALTER TABLE `categories`
  ADD PRIMARY KEY (`categories_id`);

--
-- Indexes for table `orders`
--
ALTER TABLE `orders`
  ADD PRIMARY KEY (`order_id`);

--
-- Indexes for table `order_item`
--
ALTER TABLE `order_item`
  ADD PRIMARY KEY (`order_item_id`);

--
-- Indexes for table `product`
--
ALTER TABLE `product`
  ADD PRIMARY KEY (`product_id`);

--
-- Indexes for table `users`
--
ALTER TABLE `users`
  ADD PRIMARY KEY (`user_id`);

--
-- AUTO_INCREMENT for dumped tables
--

--
-- AUTO_INCREMENT for table `brands`
--
ALTER TABLE `brands`
  MODIFY `brand_id` int(11) NOT NULL AUTO_INCREMENT, AUTO_INCREMENT=10;

--
-- AUTO_INCREMENT for table `categories`
--
ALTER TABLE `categories`
  MODIFY `categories_id` int(11) NOT NULL AUTO_INCREMENT, AUTO_INCREMENT=4;

--
-- AUTO_INCREMENT for table `orders`
--
ALTER TABLE `orders`
  MODIFY `order_id` int(11) NOT NULL AUTO_INCREMENT, AUTO_INCREMENT=4;

--
-- AUTO_INCREMENT for table `order_item`
--
ALTER TABLE `order_item`
  MODIFY `order_item_id` int(11) NOT NULL AUTO_INCREMENT, AUTO_INCREMENT=10;

--
-- AUTO_INCREMENT for table `product`
--
ALTER TABLE `product`
  MODIFY `product_id` int(11) NOT NULL AUTO_INCREMENT, AUTO_INCREMENT=7;

--
-- AUTO_INCREMENT for table `users`
--
ALTER TABLE `users`
  MODIFY `user_id` int(11) NOT NULL AUTO_INCREMENT, AUTO_INCREMENT=12;
COMMIT;

/*!40101 SET CHARACTER_SET_CLIENT=@OLD_CHARACTER_SET_CLIENT */;
/*!40101 SET CHARACTER_SET_RESULTS=@OLD_CHARACTER_SET_RESULTS */;
/*!40101 SET COLLATION_CONNECTION=@OLD_COLLATION_CONNECTION */;
